"Date";"De Bilt";"Eelde";"Maastricht"
190707;8,43374103942652;7,68610599078341;8,66037442396313
190708;8,43652074836238;7,72217980295566;8,67792914746544
190709;8,50973056482511;7,81685576566555;8,75368279569892
190710;8,40273683722655;7,73105827462613;8,63109318996416
190711;8,37033988382153;7,6957984179953;8,58874551971326
190712;8,49710959708318;7,79789967247559;8,71445340501792
190801;8,70237393400074;7,99220522803115;8,92900537634408
190802;8,80815350389322;8,10604931405265;9,00091397849462
190803;8,80686318131257;8,09114340007416;8,94285394265233
190804;8,74750834260289;8,01024286243975;8,85025089605735
190805;8,6395423927821;7,91767565813867;8,67875896057348
190806;8,50563558274626;7,82053856136448;8,47353046594982
190807;8,50792052898282;7,79916759362254;8,43078853046595
190808;8,46725199516217;7,71183130065152;8,36973342293907
190809;8,31435227854583;7,5255702764977;8,22978046594982
190810;8,38581285202253;7,55602278545827;8,35656362007168
190811;8,41076804915515;7,55327636968766;8,40942204301075
190812;8,21919546850998;7,36247439836149;8,19158602150538
190901;8,03219278033794;7,17960253456221;7,95372311827957
190902;7,99899385560676;7,12933371735791;7,92563172043011
190903;8,01765873015873;7,14263120839734;7,96137544802867
190904;8,04815156169995;7,17393945212494;7,98018369175627
190905;8,0969777265745;7,25830325140809;7,99149193548387
190906;8,18451356886841;7,3566455453149;8,047020609319
190907;8,3829006656426;7,518339093702;8,26395609318996
190908;8,63801779313876;7,77806931643625;8,55062083973374
190909;8,87619943676395;8,05352534562212;8,79938236047107
190910;8,9434485407066;8,1641301843318;8,82983038914491
190911;8,96714925755248;8,22352534562212;8,80517089093702
190912;9,13932219662058;8,43903161802355;8,94523361495136
191001;9,27614567332309;8,61340885816692;9,09241999487967
191002;9,28904889912954;8,66636584741423;9,10438236047107
191003;9,29512864823349;8,72202892985151;9,09179723502304
191004;9,27714925755248;8,70658986175115;9,07840565796211
191005;9,2076420890937;8,58490079365079;9,07112519201229
191006;9,26380696364567;8,59802355350742;9,18104902713774
191007;9,26340373783922;8,63807731694828;9,1344092421915
191008;9,14348246287762;8,56928411418331;8,94143689196108
191009;9,12114183307732;8,51971134152586;8,89685163850486
191010;9,08979326676907;8,46961277521761;8,87686955965182
191011;9,1142242703533;8,50795506912442;8,9136079109063
191012;9,10490527393753;8,49324180747568;8,91617959549411
191101;9,16426907322069;8,53968445980543;9,02910074244752
191102;9,40969918074757;8,7826952124936;9,35893945212494
191103;9,5682654889913;8,94398553507425;9,61724590373784
191104;9,57508448540707;8,95527585765489;9,66063300051203
191105;9,64023681515617;9,0457328469022;9,713047875064
191106;9,71372247823861;9,14949628776242;9,82258640552995
191107;9,72635688684076;9,03847478238607;9,94355414746544
191108;9,77932678725921;8,92814899050091;10,1702744782563
191109;9,89519991348412;9,02306513409962;10,364736744531
191110;10,0571129959214;9,17421656779137;10,476824558151
191111;10,0330045729823;9,11569058212829;10,4570575330614
191112;9,96028503893215;9,02077570757632;10,4424293968607
191201;9,97022679520455;9,04387158571252;10,4303550241009
191202;9,76606012853788;8,84830706958349;10,1362690025955
191203;9,42653503893215;8,47200778642937;9,65897957607218
191204;9,22088091706835;8,25095043875911;9,36556111729081
191205;9,14425457298232;8,1807264244222;9,23797599184279
191206;9,14356908911136;8,19988413051539;9,17692312445928
191207;9,16924113212211;8,30606692621431;9,21254140402917
191208;9,15956520251779;8,38862294083373;9,16409008245493
191209;9,11816884280594;8,36983486943164;9,07491295442908
191210;9,09711149513569;8,34801587301587;9,09919162826421
191211;9,13304339477726;8,40267537122376;9,14094342037891
191212;9,13883640552995;8,42983486943164;9,11297299027138
191301;8,97231758832565;8,24382232462878;8,89669610855095
191302;8,88226382488479;8,11841909882232;8,76927675371224
191303;9,04872887864823;8,29152841781874;8,97271761392729
191304;9,28737135176651;8,53009472606247;9,26957245263697
191305;9,51198604710702;8,74727214541731;9,57406618023553
191306;9,57127816180235;8,82856246799795;9,61901689708141
191307;9,42584805427547;8,7656592421915;9,28958141321044
191308;9,42227662570405;8,82301331285202;9,19438172043011
191309;9,47125896057348;8,87257168458781;9,25375192012289
191310;9,48631272401434;8,89322132616488;9,27949116743472
191311;9,49908154121864;8,90284946236559;9,28977342549923
191312;9,45198924731183;8,84414426523298;9,20116679467486
191401;9,56188620071685;8,98758960573477;9,31471070148489
191402;9,75073028673835;9,2344982078853;9,53742575524834
191403;9,81995519713261;9,32171146953405;9,61381912442396
191404;9,78004032258064;9,28486559139785;9,52112647209422
191405;9,62068100358423;9,12579749103943;9,28760048643113
191406;9,52422491039426;9,0023476702509;9,23660138248848
191407;9,68806899641577;9,10221326164875;9,50783794162827
191408;9,71343862007168;9,05468541986687;9,56160138248848
191409;9,5271146953405;8,83739951356887;9,34789170506912
191410;9,34377688172043;8,65220686123912;9,09987647209421
191411;9,27213261648746;8,54416474654378;9,02914618535586
191412;9,35812724014337;8,59542818740399;9,20522145417307
191501;9,32879928315412;8,53674539170507;9,24688812083973
191502;9,18094982078853;8,33822388632873;9,11651177675371
191503;9,09187275985663;8,22977406554019;9,03335765488991
191504;8,9697311827957;8,09363607270865;8,94348310291859
191505;8,78286738351255;7,88805363543267;8,7618029953917
191506;8,70447132616487;7,76634216589862;8,68254224270353
191507;8,83027777777778;7,8490034562212;8,84100998463902
191508;8,93042377332839;7,94519648154033;8,95451639387679
191509;8,92747837102954;7,91867445309603;8,98321097515758
191510;8,99136725991843;7,95199882585589;9,09432208626869
191511;9,07044432085033;8,04526943517488;9,17922351996045
191512;8,96771582622667;7,96312337782721;9,02926384254109
191601;8,82789055740947;7,82143430972686;8,83279878877765
191602;8,84912711654925;7,84334291187739;8,8446267457669
191603;8,89018894450624;7,87346835990607;8,8852808676307
191604;9,00127765418366;7,98235724879496;8,99636509702138
191605;9,21736636386108;8,21638502657274;9,24633821530095
191606;9,22794432085032;8,26479452478062;9,26149950562353
191607;8,8470303423557;7,9357622667161;8,83488660239773
191608;8,39205523774211;7,55321651482247;8,32102497042569
191609;8,1075102406554;7,32860087045571;7,98417946748592
191610;7,82936507936508;7,06561699948797;7,68969918074757
191611;7,71936507936508;6,95774065540195;7,6036866359447
191612;8,01325396825397;7,28166986687148;7,93350742447516
191701;8,29585253456221;7,61003456221198;8,23900025601638
191702;8,33953533026114;7,69565284178187;8,30109703020993
191703;8,38173067076293;7,77040642601126;8,37811763952893
191704;8,35053891449053;7,74771377368151;8,36495007680491
191705;8,3283749359959;7,7183544546851;8,31247695852534
191706;8,27973246287762;7,67891449052739;8,19347158218126
191707;8,31844214029698;7,70982846902202;8,23527265745007
191708;8,70085381464414;8,02644233230927;8,71093029953917
191709;9,04872247823861;8,37477662570404;9,11185675883257
191710;9,31194828469022;8,6893509984639;9,39112647209421
191711;9,43391065028162;8,84841461853559;9,48854134664618
191712;9,22045634920635;8,61636712749616;9,23137288786482
191801;9,01614183307731;8,36093253968254;9,0091506656426
191802;8,98455581157194;8,30770673323093;8,98831733230926
191803;8,91603430619559;8,20880440348182;8,91928955453149
191804;8,90866871479775;8,2181009984639;8,89058435739887
191805;8,84366423451101;8,19739759344598;8,83896249359959
191806;8,96400921658986;8,31069956477215;9,0368029953917
191807;9,161455453149;8,49712429595494;9,274571812596
191808;8,96270353302611;8,33156650025602;9,07240687403994
191809;8,78491935483871;8,1439656938044;8,88986559139785
191810;8,68784946236559;8,01837877624168;8,77163978494624
191811;8,60112903225806;7,89951228878648;8,65852150537634
191812;8,63051971326165;7,89981246799795;8,70456989247312
191901;8,58087813620071;7,84513952892985;8,67091397849462
191902;8,49579749103943;7,72376856118792;8,58489247311828
191903;8,54021953405018;7,77095942140297;8,66461021505376
191904;8,48746415770609;7,72460189452125;8,6194623655914
191905;8,28804211469534;7,47241103430619;8,41514784946236
191906;8,09896953405018;7,20086533538146;8,23422043010753
191907;8,10649641577061;7,16255888376856;8,23784946236559
191908;8,41397231491781;7,46165609495559;8,53563867259918
191909;8,76109875169942;7,83454362872327;8,90022895810159
191910;9,01526541836609;8,11615653194908;9,19186426276109
191911;9,10155574094673;8,2384952416265;9,32731677172167
191912;9,11729050797182;8,29708395130392;9,34193594734891
192001;9,2547994685453;8,45836083302435;9,47483469286862
192002;9,27321344703992;8,53336083302435;9,48558738104066
192003;9,16606290940551;8,46125061797058;9,32483021258188
192004;9,16912742553454;8,44451674700284;9,38409992584353
192005;9,26955305277469;8,5377828760351;9,55045297243851
192006;9,26446792732666;8,58655975775553;9,52688666419478
192007;9,28516685205784;8,64274255345446;9,53253182548511
192008;9,27300105275703;8,66134407498632;9,48435379036672
192009;9,14739439324117;8,57201548899129;9,32985855094726
192010;9,09904313876088;8,5353801843318;9,26497503840246
192011;9,10028865847414;8,54619111623144;9,23006464413722
192012;9,08417306707629;8,51144649257552;9,20473758320532
192101;9,11765424987199;8,49605670762929;9,28263632872504
192102;9,29211661546339;8,63369111623144;9,4971524577573
192103;9,4229589093702;8,7519930875576;9,66501984126984
192104;9,63148937532002;8,9911283922171;9,91366679467486
192105;9,73001984126984;9,1277636968766;9,99800819252432
192106;9,69185675883257;9,11184523809524;9,90896249359959
192107;9,49360407066052;8,89665706605223;9,70506464413722
192108;9,19182795698925;8,48501632104455;9,46178987455197
192109;9,02970238095238;8,23184331797235;9,32066564260113
192110;8,81384664618536;7,98951356886841;9,10018625192012
192111;8,69960381464414;7,86223758320532;9,03293266769073
192112;8,71272209421403;7,86912826420891;9,10554019457245
192201;8,61817908346134;7,78851894521249;8,99320148489503
192202;8,4329640296979;7,61378776241679;8,77478750640041
192203;8,30423643113159;7,45466589861751;8,58899001536098
192204;8,00601958525346;7,1130171530978;8,14660650281618
192205;7,9130805171531;7,00984062980031;7,95602854582693
192206;8,12256080389145;7,24228238607271;8,15819252432155
192207;8,32941564260113;7,52427163338454;8,33184843830005
192208;8,53615527393753;7,77594214029698;8,53307251664106
192209;8,69195404505888;7,90812339989759;8,73241487455197
192210;8,86380440348182;8,03776497695852;8,92174731182796
192211;8,81724078341014;7,94254096262161;8,8633646953405
192212;8,56234383000512;7,65940028161802;8,54345430107527
192301;8,56806515616999;7,64978110599078;8,52892025089606
192302;8,74373719918075;7,80045314900154;8,73308691756272
192303;8,7952156938044;7,84699436763953;8,84900985663082
192304;8,98231246799795;8,05280977982591;9,13576612903226
192305;9,07079813108039;8,16237519201229;9,31252240143369
192306;8,81963325652842;7,86710189452125;9,12650985663083
192307;8,48791282642089;7,42556963645673;8,89895609318996
192308;8,21626360638805;7,15796078535233;8,62338949141021
192309;7,97458750463478;6,9575562353232;8,30844116920035
192310;7,79206062291435;6,77933490915832;8,14487934124335
192311;7,85792083796811;6,86105981955259;8,23642504016809
192312;8,09989216413299;7,13389584105796;8,53880407242615
192401;8,12909467309356;7,2084791743913;8,59024224446916
192402;7,9778849956742;7,11425874428377;8,37814547027561
192403;7,96108392040539;7,14351053639847;8,29002719070572
192404;7,99576133976023;7,16873007044865;8,28201643801755
192405;8,07293875911507;7,20756071560994;8,35650568532938
192406;8,28976671610431;7,45969781238413;8,56983901866271
192407;8,58237424298603;7,86319243604004;8,79712396489927
192408;8,92051731862563;8,26698120265904;9,11570611967442
192409;9,1117517921147;8,49590437788018;9,27568612391193
192410;9,18159498207885;8,62753520225294;9,27978558627752
192411;9,26514784946236;8,76669290834613;9,32205709165386
192412;9,29620071684588;8,80779505888377;9,29043970814132
192501;9,38088261648745;8,89446172555044;9,33328469022018
192502;9,53088261648745;9,04607462877624;9,48462877624168
192503;9,51953405017921;9,02532642089094;9,46201676907322
192504;9,40334677419355;8,92756208397337;9,30889400921659
192505;9,28410394265233;8,85729774705581;9,1414656938044
192506;9,09443100358423;8,65033986175115;8,95172555043523
192507;8,92628584229391;8,38206029185868;8,83855350742447
192508;8,92569060419867;8,27959773425499;8,88615335381464
192509;9,08611687147977;8,39044162826421;9,10888760880696
192510;9,25880504352278;8,54214861751152;9,30489567332309
192511;9,21146633384537;8,45460829493087;9,23437147977471
192512;9,03787762416795;8,3049846390169;9,03606950844854
192601;8,96670826932924;8,25347926267281;8,95766001024066
192602;8,95165450588838;8,21342549923195;8,94825140809012
192603;9,093047875064;8,34876600102406;9,15822452636969
192604;9,14909178187404;8,40977854582693;9,30919226830517
192605;9,22944124423963;8,47509664618535;9,48321556579621
192606;9,45253264208909;8,7332910906298;9,66234639016897
192607;9,58613479262673;8,96286098310292;9,6706797235023
192608;9,50712173579109;8,96713325652842;9,54906874039938
192609;9,3893990015361;8,91481950844854;9,43874807987711
192610;9,32814452124936;8,86391449052739;9,41799091141833
192611;9,26675563236047;8,76274065540195;9,39306707629288
192612;9,2700889656938;8,69837237583205;9,46411546338966
192701;9,21898681515617;8,62338581669227;9,47105094726063
192702;9,20447068612391;8,63185355862775;9,47131976446493
192703;9,16800115207373;8,61016897081413;9,40423643113159
192704;9,22266065028162;8,65864567332309;9,39508320532514
192705;9,22218125960061;8,61434459805427;9,34134664618535
192706;8,94952444956477;8,26896825396825;9,13613159242191
192707;8,768476062468;8,02367255504352;9,06086277521761
192708;8,83993293915638;8,05104589314406;9,13744489026608
192709;8,83477691261896;7,98930632801879;9,13553238165863
192710;8,76782798788778;7,90249629217649;9,08115066122852
192711;8,76566400939315;7,95278303052774;9,04262915585218
192712;8,77197225312075;7,98237532443456;9,00355209492028
192801;8,8039525398591;7,97594611296502;9,06259331355828
192802;8,77962458286986;7,90524718823384;9,10815782968731
192803;8,69970522803115;7,81778303052775;9,06037557162279
192804;8,62354931405265;7,75666295884316;9,00452879742924
192805;8,74017117785193;7,93332066493635;9,10770980101347
192806;9,028029600791;8,2883385860833;9,3366972562106
192807;8,97198121369423;8,25782783339513;9,2098155357805
192808;8,33763071181383;7,61859773646203;8,55958230706075
192809;7,87102214541731;7,14455581157194;8,13381144393241
192810;7,71749615975422;6,98032642089094;8,00018241167435
192811;7,67270673323093;6,89848950332821;8,00244047619048
192812;7,73888952892985;6,95234703020993;8,11775409626216
192901;7,73074436763953;6,94155401945725;8,095702124936
192902;7,73302931387609;6,95284434203789;8,0853526625704
192903;7,86248719918075;7,08964989759345;8,25830517153098
192904;8,00242895545315;7,23626728110599;8,42010176651306
192905;7,95709293394777;7,18163466461854;8,39870391705069
192906;8,00853110599078;7,21100742447517;8,534160906298
192907;8,36955261136713;7,57350742447517;9,00701036866359
192908;8,91612999231951;8,1454640296979;9,60651593701997
192909;9,26526113671275;8,49887224782386;9,93344086021505
192910;9,45878712237583;8,6841455453149;10,1218637992832
192911;9,56333461341526;8,80826292882744;10,2043727598566
192912;9,67802099334357;8,95029697900666;10,2977150537634
193001;9,79297619047619;9,11087941628264;10,3719713261649
193002;9,77200844854071;9,11558371735791;10,2811111111111
193003;9,71539106502816;9,04803891449053;10,1473835125448
193004;9,64613927291347;8,9561661546339;10,037311827957
193005;9,69355414746544;8,98568228366615;10,0821012544803
193006;9,62457117255504;8,91627368151562;9,9798476702509
193007;9,42121095750128;8,7236661546339;9,70740143369176
193008;9,31562339989759;8,63019937275986;9,5329726702509
193009;9,1961917562724;8,53256592421915;9,38703853046595
193010;9,02755376344086;8,36686699948797;9,19117383512545
193011;9,03512544802867;8,38759280593958;9,21573924731183
193012;9,01325268817204;8,38109639016897;9,25252688172043
193101;8,93385304659498;8,29476126472094;9,22372311827957
193102;8,91651433691756;8,28118599590374;9,21081989247312
193103;8,78524193548387;8,16422363031234;9,03116487455197
193104;8,62896953405018;8,0484709421403;8,83726254480287
193105;8,54797491039426;8,00619047619048;8,76988799283154
193106;8,56617383512545;8,04253904249872;8,75331989247312
193107;8,67128136200717;8,17318420378904;8,80466397849463
193108;8,74972732047954;8,30651439209351;8,82997798479792
193109;8,79658725744655;8,39118866641948;8,77505005561735
193110;8,82968761586949;8,44752379186751;8,76716475095785
193111;8,77636324310963;8,41326751946607;8,68871493016933
193112;8,70817775923866;8,34192791373131;8,55623733160302
193201;8,72708904956124;8,38134099616858;8,5229532814238
193202;8,8785675441849;8,53980873810407;8,71730812013348
193203;9,1221069707082;8,75539117538005;9,07091923124459
193204;9,26712489185515;8,86116178469905;9,28030991224818
193205;9,24033725744654;8,8037379495736;9,2191450376962
193206;9,2017216660487;8,76029260907181;9,22316833518724
193207;9,04419478432827;8,58139475960944;9,16066833518725
193208;8,93059137577908;8,42128365732648;9,10708051936014
193209;9,13634280593958;8,60149513568868;9,39811635944701
193210;9,3352585765489;8,80025409626216;9,64066116231439
193211;9,37758832565284;8,81957757296467;9,67366295442909
193212;9,39602918586789;8,85070660522273;9,63847030209933
193301;9,44242703533026;8,88963133640553;9,66940668202765
193302;9,40922811059908;8,82162058371736;9,63997119815668
193303;9,35560355862775;8,78593509984639;9,55779377880184
193304;9,38114567332309;8,83734639016897;9,56835829493088
193305;9,34516001024065;8,81486879160266;9,51225614439324
193306;9,0562173579109;8,56335893497184;9,12429915514593
193307;8,91401305683564;8,47370839733743;8,8906970046083
193308;9,0254041858679;8,63325620839734;8,9590101766513
193309;8,96367703533026;8,61551907322068;8,824366359447
193310;8,9566026625704;8,61245455709165;8,79993087557604
193311;9,03205517153098;8,70213197644649;8,92576420890937
193312;9,04597990271377;8,69361495135689;9,00256976446493
193401;9,04485087045571;8,63765168970814;9,04133768561188
193402;8,98571108550947;8,57192588325653;8,98730542754736
193403;8,98283922171019;8,58813556067588;9,02422747055811
193404;9,07566628264209;8,68472158218126;9,15711725550435
193405;9,18502112135176;8,82214093701997;9,26597926267281
193406;9,61830069124424;9,23886136712749;9,76368535586277
193407;10,024349078341;9,56722158218126;10,1929864311316
193408;10,0964928955453;9,58052803379416;10,2440953020993
193409;10,1443087557604;9,58133448540707;10,341575140809
193410;10,0485829493088;9,48741871479775;10,2356522017409
193411;9,90366359447005;9,33140616999488;10,0191109831029
193412;9,88332757296467;9,30733806963646;9,97756976446493
193501;9,90627112135177;9,34980222734255;10,0215124167947
193502;9,93947004608295;9,3879742703533;10,044093061956
193503;9,90694764464926;9,33784882232463;9,95953661034306
193504;9,77980158730159;9,18893305171531;9,78479198668715
193505;9,78487775217614;9,16446172555044;9,82393625192012
193506;9,66992703533026;9,01996351766513;9,72571492575525
193507;9,56253456221198;8,92305491551459;9,65420954941116
193508;9,54467477090947;8,91450159568833;9,72263561143775
193509;9,5229171301446;8,88121709306637;9,72762081324929
193510;9,52477196885428;8,84115884933877;9,71784034729947
193511;9,53590100111235;8,80351996044988;9,7084631071561
193512;9,61369670003708;8,85907551600544;9,75672475590162
193601;9,56703003337041;8,84406655543196;9,65108855518477
193602;9,51125046347794;8,81610956618465;9,56237887776542
193603;9,4975542269188;8,8020504263997;9,5456942899518
193604;9,45805153874675;8,77172784575454;9,46597206772958
193605;9,3449377394636;8,67029415399827;9,2869442899518
193606;9,2947271659869;8,66415616116673;9,21141113582993
193607;9,23464652082561;8,59533895686566;9,18775522185144
193608;9,25653376988541;8,53649116302064;9,25260488947155
193609;9,23097478238607;8,49780465949821;9,21960509472606
193610;9,20310291858679;8,51570340501792;9,18877176139273
193611;9,35829557091654;8,72029569892473;9,38576100870456
193612;9,37598822324629;8,75961021505376;9,44788914490527
193701;9,35376152073733;8,73239247311828;9,45558179723502
193702;9,38118087557604;8,75887096774194;9,47090437788018
193703;9,37499359959037;8,75701164874552;9,43464541730671
193704;9,43318804403482;8,840770609319;9,55591333845366
193705;9,49277137736815;8,90397401433692;9,68370903737839
193706;9,40235471070148;8,76596774193548;9,59174667178699
193707;9,3936181515617;8,78075268817204;9,51150473630312
193708;9,39202444956477;8,87320660522273;9,40706445212493
193709;9,51569956477215;9,05074116743472;9,5149897593446
193710;9,62125960061444;9,17569636456733;9,59463133640553
193711;9,42090565796211;8,99339349718382;9,32763312852023
193712;9,28666282642089;8,87442396313364;9,18869047619048
193801;9,25524257552483;8,84376088069637;9,17904889912954
193802;9,25282322068612;8,86634152585765;9,19101126472094
193803;9,32751856118792;8,98305747567844;9,27525409626216
193804;9,3261386328725;8,97221966205837;9,2656797235023
193805;9,42573092677931;9,06721518177163;9,38527201740911
193806;9,52666730670763;9,18734511008705;9,54612775217614
193807;9,48150601638505;9,12229134664618;9,56924603174603
193808;9,49791826676907;9,12155209933436;9,66074468766001
193809;9,3662122375832;8,97511392729135;9,52536162314388
193810;9,32505184331797;8,88742575524834;9,51213133640553
193811;9,45620327700973;8,97366231438812;9,70011072708653
193812;9,52735471070148;9,0212877624168;9,74003456221198
193901;9,59312980030722;9,08302611367128;9,77054979518689
193902;9,6124846390169;9,10009600614439;9,77794226830517
193903;9,60356438812084;9,07862199180748;9,73329173067076
193904;9,53496671786995;8,97421786994368;9,62452828981055
193905;9,41275793650794;8,79148041474654;9,51451484895033
193906;9,39081797235023;8,73911930363543;9,47936699948797
193907;9,00923195084486;8,3446300563236;9,04643689196108
193908;8,39872656125854;7,64586125236153;8,47072462568639
193909;8,22840934371524;7,36268384624892;8,39931343468051
193910;8,24853479174391;7,33670266345322;8,44680447410703
193911;8,28734303547151;7,36004943764677;8,48932239525399
193912;8,346290168088;7,41089621184032;8,55184031640094
194001;8,31343622543567;7,37249567420591;8,51005716227907
194002;8,18104375231739;7,19749567420591;8,37605178593499
194003;8,01317188851811;6,96534065628476;8,24688511926832
194004;7,98038066988011;6,91409961685824;8,25414318378445
194005;8,00328389568656;6,97021968854282;8,26459569274502
194006;7,97148282041775;6,97566771721666;8,18042454579162
194007;8,09003120751452;7,08682363119515;8,27034390063033
194008;8,33687492275368;7,33787258108657;8,4885052836485
194009;8,43721326164874;7,45182475678443;8,55653225806452
194010;8,32716845878136;7,33335253456221;8,45923835125448
194011;8,09427419354839;7,12012224782386;8,22834229390681
194012;7,96124103942652;6,99772529441884;8,09244623655914
194101;8,1003853046595;7,13661866359447;8,21985663082437
194102;8,226729390681;7,28581221198157;8,32980286738351
194103;8,28101254480287;7,33875128008192;8,3626164874552
194104;8,37266129032258;7,43510432667691;8,41155913978494
194105;8,30681003584229;7,34965181771633;8,32161290322581
194106;8,36609318996416;7,37427995391705;8,38247311827957
194107;8,41394265232975;7,4488767281106;8,42682795698925
194108;8,05888792882744;7,17199020737327;8,02734639016897
194109;7,72775793650793;6,91109831029186;7,71899385560676
194110;7,74288786482335;6,91428379416283;7,80583973374296
194111;7,94605542754736;7,06975422427035;8,02884152585766
194112;7,95366743471582;7,05439132104455;8,07184331797235
194201;7,73950524833589;6,81550691244239;7,89347414234511
194202;7,72377944188428;6,79359831029186;7,92506016385049
194203;7,84082693292371;6,95529633896569;8,10973758320532
194204;7,938116359447;7,07089221710189;8,28245263696876
194205;8,08401689708141;7,25246031746032;8,40405657962109
194206;8,12696044546851;7,34787250384024;8,44071428571428
194207;8,43744431643625;7,67448540706605;8,83049923195084
194208;9,12909178187404;8,38548771121352;9,53861655145929
194209;9,64842741935484;8,96907066052227;9,97186827956989
194210;9,85268369175627;9,25729646697389;10,0930465949821
194211;9,95210125448028;9,40157066052227;10,1927195340502
194212;10,0045743727599;9,49959485407066;10,2133646953405
194301;10,047773297491;9,58095238095238;10,2392517921147
194302;10,0491173835125;9,57235023041475;10,2651926523298
194303;9,95615143369176;9,4885016641065;10,1691353046595
194304;9,84974462365591;9,41271761392729;10,0694489247312
194305;9,75778225806452;9,30943356374808;10,0307347670251
194306;9,60103494623656;9,14687532002048;9,90156362007168
194307;9,5857123655914;9,1767140296979;9,8430958781362
194308;9,58194313125695;9,20599590373784;9,74724516438017
194309;9,35975991842788;8,97425627240143;9,41483531083921
194310;9,20402067111606;8,81799283154122;9,21564624273885
194311;9,08658787541713;8,71522401433692;9,11175287356322
194312;8,99582174638487;8,6138440860215;9,03299839327648
194401;8,97158787541713;8,58719534050179;9,00343746137684
194402;9,0507545420838;8,69458781362007;9,05773853664566
194403;9,13359952416265;8,76474014336918;9,11340609936967
194404;9,09372945247806;8,69860215053763;8,99824032876035
194405;9,12427604746014;8,72746415770609;8,96460233592881
194406;9,23479576072179;8,80457885304659;9,05569552589297
194407;9,00253769620566;8,53576164874552;8,75905574094673
194408;8,89689832838957;8,39824244751664;8,68141855147695
194409;9,22539874551971;8,7079006656426;9,14343189964158
194410;9,41120519713262;8,87956285202253;9,35784946236559
194411;9,52510304659498;8,96103686635944;9,47051971326165
194412;9,68025089605734;9,11626088069636;9,67596774193548
194501;9,78781810035842;9,22417306707629;9,82993727598566
194502;9,71980734767025;9,12336661546339;9,74431899641577
194503;9,66728494623656;9,06062019969278;9,67028673835125
194504;9,79258512544803;9,21615335381464;9,82730286738351
194505;9,81066308243727;9,27057539682539;9,86306899641577
194506;9,78344534050179;9,27271249359959;9,8540770609319
194507;9,88801523297491;9,37365335381464;10,0419802867384
194508;9,90462429595494;9,37754640296979;10,1165242575525
194509;9,7143785202253;9,16074052739375;9,92883704557092
194510;9,58431131592422;9,03648425499232;9,81836213517665
194511;9,556797875064;9,04636776753712;9,76420442908346
194512;9,45053443420379;8,95000128008193;9,61074116743472
194601;9,35771185355863;8,8721831797235;9,50418650793651
194602;9,31725486431132;8,84677995391705;9,49101446492575
194603;9,29198156682028;8,82016705069124;9,49786930363543
194604;9,20353622631849;8,69731758832565;9,40539618535586
194605;9,17800755248336;8,63502368151562;9,38639528929851
194606;9,09347350230415;8,53133192524322;9,31860407066052
194607;8,87277457757296;8,27084805427547;9,11618471582181
194608;8,3733458141321;7,71196268561188;8,70205261136713
194609;7,90617511520737;7,19124935995904;8,34490975422427
194610;7,81240719406042;7,06249039938556;8,34560419866872
194611;7,84552099334358;7,09730670762929;8,45207821300563
194612;8,06863479262673;7,3310119047619;8,70230222734255
194701;8,26056579621096;7,5098783922171;8,90252624167947
194702;8,46217869943676;7,68931387608807;9,12026817716334
194703;8,6924161546339;7,92557731694828;9,38042498719918
194704;8,77655145929339;8,0371095750128;9,51598502304148
194705;8,79999231950845;8,0687807219662;9,56085061443932
194706;9,00864823348694;8,27236047107015;9,71552803379416
194707;9,46899769585253;8,73714541730671;10,1450979262673
194708;10,1042031490015;9,40234418313117;10,7032344470046
194709;10,6115860215054;9,95477413175133;11,1072043010753
194710;10,8012903225806;10,1779327339019;11,2118189964158
194711;10,7533602150538;10,1349623037943;11,0978853046595
194712;10,5764023297491;9,92810298479792;10,9074238351254
194801;10,4076433691756;9,75551785934989;10,6841666666667
194802;10,2025358422939;9,57433506365097;10,4145430107527
194803;9,99382616487455;9,37101517117785;10,1522043010753
194804;9,9247670250896;9,31527592386603;10,0222580645161
194805;9,85445788530466;9,30398112099864;9,97189516129032
194806;9,73737455197133;9,25061642565814;9,96615591397849
194807;9,64893369175627;9,22239061920653;9,91239247311828
194808;9,62046306963646;9,27103593940357;9,89671947004608
194809;9,53970750128008;9,22908986175115;9,80456797235023
194810;9,44217613927291;9,13322068612391;9,70256528417819
194811;9,40123079877112;9,10119559651818;9,69424539170507
194812;9,31417434715822;9,01667050691244;9,58620327700973
194901;9,31206413210445;8,95486047107015;9,60329557091654
194902;9,36609639016897;8,95257552483359;9,69953213005632
194903;9,49140552995392;9,07376728110599;9,87270417306708
194904;9,65488671274962;9,24563108038914;10,1032686891961
194905;9,73406233998976;9,30555043522785;10,1688332053251
194906;9,79106054787506;9,34288914490527;10,1428654633897
194907;9,72197452636969;9,28952892985151;10,041386968766
194908;9,68411450332821;9,22374071940604;10,0119178827445
194909;9,85902329749104;9,390479390681;10,1995186891961
194910;9,85306899641577;9,41175179211469;10,1626056067588
194911;9,80114695340502;9,3367876344086;10,0904774705581
194912;9,96769713261649;9,50293458781362;10,3247382232463
195001;10,0706720430108;9,65429659498208;10,5016065028162
195002;10,0661021505376;9,70658154121864;10,5374935995904
195003;9,92966845878136;9,57028225806452;10,367345750128
195004;9,71057347670251;9,30078405017921;10,0752892985151
195005;9,65647849462366;9,19142473118279;10,0071217357911
195006;9,45050179211469;8,95679659498208;9,80535202252944
195007;9,3393458781362;8,80262992831541;9,69338965693805
195008;9,3912996031746;8,79726798515105;9,74381208397337
195009;9,21543074756784;8,57416410650282;9,57125064004096
195010;9,08770673323093;8,40924475166411;9,47349078341014
195011;9,03888056835638;8,37550819252432;9,40516641065028
195012;8,93852662570404;8,2746883000512;9,22031426011265
195101;8,85228558627752;8,16096518177163;9,05817716333845
195102;8,81478558627752;8,10128776241679;8,96987071172555
195103;8,87338773681515;8,16005568356375;9,01245135688684
195104;8,93803827444956;8,21922683051715;9,05664490527394
195105;9,02560547875064;8,30117575524834;9,12417178699437
195106;9,36155977982591;8,64011392729135;9,48551587301587
195107;9,52621031746032;8,83057091653866;9,64479006656426
195108;9,39942112709006;8,7749797173226;9,44173905750658
195109;9,37491688295637;8,78739927079471;9,40145686565319
195110;9,54534251019652;8,94692884068718;9,62798912371771
195111;9,73176276109257;9,10511432455815;9,86406439253491
195112;9,77762745643308;9,13441091954023;9,96722299468545
195201;9,79499752811766;9,15644945000618;10,0305966505994
195202;9,84728247435422;9,20161074032876;10,1072095538252
195203;9,71900290446175;9,05890016685206;9,96683769002595
195204;9,54435236682734;8,89199604498826;9,7959550735385
195205;9,29775738474848;8,66786970090224;9,57798912371771
195206;8,95089358546533;8,314979915956;9,22749629217649
195207;8,78180756395995;8,1639046471388;9,03959306637004
195208;8,73119180041316;8,09776965587867;8,98360029662588
195209;8,7285599078341;8,07679595494112;8,95220430107527
195210;8,64918266769073;8,03752176139273;8,83633512544803
195211;8,55743983614951;7,97365079365079;8,75554659498208
195212;8,57347478238607;8,04241871479775;8,74961917562724
195301;8,59246671786994;8,11293394777266;8,70404121863799
195302;8,56464413722478;8,086455453149;8,63522401433692
195303;8,64088517665131;8,15585061443932;8,74962365591398
195304;8,86349718381976;8,39836405529954;9,03203405017921
195305;9,16847030209934;8,73323860727086;9,31236111111111
195306;9,50717997951869;9,06932283666155;9,61916666666666
195307;9,62505632360471;9,14284434203789;9,72024193548387
195308;9,46642537122376;8,93758320532514;9,59438268049155
195309;9,39569764464926;8,81767153097798;9,60212557603686
195310;9,36471198156682;8,75893049155146;9,55638632872504
195311;9,29353814644137;8,67559267793139;9,41225998463902
195312;9,27333653353815;8,62544930875576;9,36493919610855
195401;9,14574244751664;8,48498335893497;9,23993023553508
195402;9,01348438300051;8,3658973374296;9,08831733230927
195403;8,97520929339478;8,33713837685612;9,01518561187916
195404;8,98854710701485;8,33055683563748;8,98130120327701
195405;8,99507936507936;8,28619751664107;8,99213901689708
195406;8,97970302099334;8,25138120839734;8,99356822836661
195407;8,98131592421915;8,24291346646185;9,06332629288274
195408;8,99991231438812;8,27671242959549;9,14590117767537
195409;8,85627752176139;8,17785010240655;8,95387928827445
195410;8,76409114183308;8,08000960061444;8,84913914490527
195411;8,71303379416283;8,01590565796211;8,84090437788018
195412;8,56017089093702;7,84138504864311;8,74280849974398
195501;8,66644777265745;7,91968701996928;8,87549219150025
195502;8,89722734254992;8,16565476190476;9,08301907322069
195503;9,02742447516641;8,32276497695852;9,18286226318484
195504;8,95170762928827;8,27732142857143;9,09950652841782
195505;8,83237967229903;8,20132232462877;8,94281746031746
195506;8,79127752176139;8,18634472606247;8,88787570404506
195507;8,84248719918075;8,24346838197645;8,93827892985151
195508;8,64131791055317;8,09412635512121;8,6748660438406
195509;8,50170776171054;7,97878970461006;8,50607681374367
195510;8,53488428500803;8,00059077987888;8,55910100729205
195511;8,51416295884316;7,99362841428748;8,56346928686194
195512;8,54635829934495;8,06249938202942;8,57686534420962
195601;8,43984396242739;7,98378970461006;8,45289581015943
195602;8,2313762204919;7,73163916697565;8,29577215424546
195603;8,08650614880732;7,52375386231615;8,20275692127055
195604;8,12523822766036;7,52541156840934;8,26753738722037
195605;8,08522030651341;7,47318038561364;8,24329007539241
195606;8,05367012730194;7,42901371894698;8,21272555926338
195607;8,14533679396861;7,52229328883945;8,25896211840316
195608;8,70133039135194;8,0509843940357;8,8459397125554
195609;9,31794226830517;8,6303475422427;9,54837429595494
195610;9,55747183819764;8,8722158218126;9,77410458269329
195611;9,59579173067076;8,92120775729647;9,74177035330261
195612;9,66133384536611;8,95922747055812;9,77776945724526
195701;9,85322004608295;9,09711277521761;9,98742447516641
195702;9,96652649769585;9,21270417306708;10,0907846902202
195703;9,95725230414746;9,22291026625704;10,0574065540195
195704;9,92647273425499;9,1950787250384;10,0143509984639
195705;10,0274987199181;9,27752496159754;10,1243509984639
195706;9,98376664106503;9,22005184331797;10,0774961597542
195707;9,81817524321557;9,04854646697389;9,95048003072197
195708;9,69612743215566;8,89600230414747;9,87644969278034
195709;9,38442908346134;8,58001728110599;9,54529569892473
195710;9,04236367127496;8,24712749615975;9,19203853046595
195711;9,03618535586277;8,23533986175115;9,22775985663082
195712;9,05139592933948;8,25313556067588;9,28125896057348
195801;8,94604198668715;8,17267857142857;9,17239247311828
195802;8,97426779313876;8,20426459293395;9,2030376344086
195803;9,16090309779826;8,37755760368664;9,39935483870968
195804;9,28987711213518;8,51227534562212;9,52645161290323
195805;9,24176779313876;8,49838197644649;9,494520609319
195806;9,25602406554019;8,54927355350742;9,54310035842294
195807;9,31019073220686;8,59873591909882;9,5959229390681
195808;9,1633253328213;8,4800051203277;9,4382808499744
195809;9,2323201484895;8,59595174091142;9,53332693292371
195810;9,57461853558627;8,95183883768561;9,9306746031746
195811;9,76852982590886;9,11605926779314;10,1145814132104
195812;9,87146889400922;9,18764080901177;10,1868215565796
195901;10,0008864567332;9,29833525345622;10,3535509472606
195902;10,099811187916;9,40102342549923;10,4651100870456
195903;10,1129294674859;9,43315604198669;10,4500787250384
195904;10,1113972094214;9,38208973374296;10,4394828469022
195905;10,1202816180236;9,32755120327701;10,4740258576549
195906;10,1069886072709;9,27341589861751;10,4919022017409
195907;10,1403219406042;9,30580837173579;10,505343061956
195908;10,2894021024242;9,43252737830393;10,6148135715169
195909;10,3341811889754;9,43021412680756;10,6448485972068
195910;10,2420620133482;9,31965409096527;10,5070887405759
195911;10,1901310097639;9,26917470028427;10,4428503893215
195912;10,1829222284019;9,27008419849215;10,4418064825114
196001;10,0657672104808;9,16427326659251;10,2477518230132
196002;9,85447688790014;8,9488162773452;9,99788623161537
196003;9,69159158324064;8,77694799777531;9,83721418860462
196004;9,59255036460264;8,71421950315165;9,72761741441107
196005;9,67600914596465;8,80954656408355;9,79385397355086
196006;9,72761308861698;8,86132523791867;9,79234859720677
196007;9,64172599184279;8,77557254974663;9,69221418860462
196008;9,73927121404735;8,85470511767926;9,81143511529565
196009;9,93103686635945;9,05883768561188;9,99208077316948
196010;10,0522107014849;9,19672299027138;10,1397375832053
196011;10,0305081925243;9,191866359447;10,133630952381
196012;9,91366679467486;9,12075972862263;9,99627432155658
196101;9,88553507424475;9,1109434203789;9,97921338965694
196102;9,90126088069636;9,11336277521761;9,99829941116231
196103;10,0349795186892;9,23351510496672;10,1890296979007
196104;10,1840207373272;9,38256528417819;10,4251900921659
196105;10,0880619559652;9,31467101894521;10,3641282642089
196106;9,90621607782898;9,12916922683052;10,2294105222734
196107;9,90648489503328;9,125136968766;10,2800825652842
196108;9,82325236815156;9,10768785202253;10,1538056835637
196109;9,46501984126984;8,79843766001024;9,71838901689708
196110;9,14824564772145;8,49671722990271;9,35908346134152
196111;9,00028865847414;8,36139464925755;9,20031554019457
196112;8,88608166922683;8,23579429083461;9,11293650793651
196201;8,7792671530978;8,11207565284178;9,05096070148489
196202;8,71246607782898;8,0296831797235;9,02165962621608
196203;8,53303507424475;7,83837045570916;8,81322324628776
196204;8,35911482334869;7,67125128008192;8,54860407066052
196205;8,31602790578597;7,62538210445468;8,4487071172555
196206;8,20103238607271;7,5195666922683;8,31762736815156
196207;7,74431195596518;7,05760432667691;7,83483166922683
196208;7,13311283922171;6,34662602406554;7,21845302099334
196209;6,99220942140297;6,09734126984127;7,12720878136201
196210;7,1436968766001;6,21205453149002;7,32090501792115
196211;7,22609831029186;6,30203661034306;7,42239695340502
196212;7,34641641065028;6,44326868919611;7,53597222222222
196301;7,49186891961085;6,61393625192012;7,68247759856631
196302;7,55410010240655;6,72912442396313;7,76150985663082
196303;7,58504544290835;6,80308947772657;7,79778673835126
196304;7,57217357910906;6,77235023041475;7,82599910394265
196305;7,69444060419867;6,86591653865847;7,99435035842294
196306;7,84466461853559;7,01768177163338;8,13649193548387
196307;8,06791730670763;7,26123015873016;8,33084677419355
196308;8,58827425093137;7,83191451701185;8,88179806266222
196309;8,78537850698307;8,07585156346558;9,09699666295884
196310;8,69237671486837;8,00422073909282;8,99012390310221
196311;8,81926739587196;8,12250926955877;9,11685329378322
196312;8,94601918798665;8,21760335558027;9,27247157335311
196401;8,95758280805834;8,20033185020393;9,31854684217031
196402;9,01470646397232;8,22640711902113;9,38507910023483
196403;9,05748872203683;8,26433722654802;9,45025831170436
196404;8,99543227042393;8,22256303299963;9,39016870596959
196405;8,84379248547769;8,08356661722902;9,19285687801261
196406;8,90989463601533;8,15330676059819;9,22108268446422
196407;9,14457205537017;8,40236590038314;9,45925472747497
196408;9,17758492681463;8,48552178787718;9,41881611181736
196409;9,19151177675371;8,54717229902714;9,35929147465438
196410;9,21752880184332;8,5777636968766;9,37223502304147
196411;9,07257808499744;8,42851638504864;9,20023233486943
196412;8,94429403481823;8,31565796210957;9,05614631336405
196501;8,8369777265745;8,24016513056836;8,88907642089094
196502;8,72743471582181;8,1384178187404;8,71730222734255
196503;8,64548579109063;8,05855222734255;8,60801459293395
196504;8,6761712749616;8,09669738863287;8,63179147465438
196505;8,60699564772145;7,99817588325653;8,59959613415259
196506;8,54118023553507;7,88675115207373;8,57519649257552
196507;8,52854582693292;7,83527265745008;8,55315348182284
196508;8,52016929083461;7,7153081797235;8,67575812852022
196509;8,6482174859191;7,77020929339478;8,91113159242191
196510;8,71379544290835;7,82641001024065;8,97014592933948
196511;8,78555619559652;7,90102470558116;9,08843445980543
196512;8,90995583717358;8,06161162314388;9,20325076804916
196601;9,0129845110087;8,18241359447005;9,29373911930364
196602;9,05303827444957;8,23631144393241;9,33406169994879
196603;9,11186891961085;8,28426843317972;9,37514592933948
196604;9,1969092421915;8,3619297235023;9,46959037378392
196605;9,3100051203277;8,52000768049155;9,56056259600614
196606;9,37673003072196;8,6299673579109;9,57062083973374
196607;9,48923003072196;8,7677361751152;9,69548643113159
196608;9,63874519969278;9,00742031490015;9,76718862007169
196609;9,73866359447004;9,17653993855606;9,7809607014849
196610;9,76192524321557;9,22406233998976;9,77422683051715
196611;9,71059011776754;9,16943420378904;9,66668650793651
196612;9,60647721454173;9,03091717869944;9,55234062980031
196701;9,62964925755248;9,00745391705069;9,60089797747056
196702;9,77924603174603;9,1215668202765;9,77939260112647
196703;9,8271985407066;9,18761520737327;9,83863543266769
196704;9,87421018945212;9,2418356374808;9,88954493087558
196705;9,93663850486431;9,31313940092166;9,94434331797235
196706;9,9243356374808;9,34855606758833;9,88502880184332
196707;9,83723886328725;9,25567972350231;9,74080837173579
196708;9,64102117432067;9,04123112982679;9,54897203903808
196709;9,46308305524657;8,87852984797923;9,39140989988876
196710;9,5167076072179;8,93295637127673;9,48175040168088
196711;9,52651495488815;8,94692590532691;9,52168767766654
196712;9,49826674700284;8,92645099493264;9,48065273142998
196801;9,45913144234335;8,92156748238784;9,41018230132246
196802;9,40590563589173;8,8996588802373;9,29956402175257
196803;9,44500957854406;8,93582823507601;9,28705506117909
196804;9,45387158571252;8,93382554690397;9,27037943393894
196805;9,4437058151032;8,92793396984304;9,28189825114324
196806;9,2878411197627;8,75631658633049;9,22594395006798
196807;9,23515294771969;8,6956983067606;9,26425040168088
196808;9,26501118968165;8,7182498190229;9,30148323975493
196809;9,03532642089094;8,42655401945725;9,11868919610855
196810;8,81354326676907;8,14719470046083;8,94306195596518
196811;8,83302355350742;8,13248591909882;8,95963901689708
196812;8,90278161802355;8,17347158218126;9,02996607782898
196901;8,97106118791603;8,22574756784434;9,09599206349206
196902;9,07052355350742;8,31432283666155;9,20069636456733
196903;9,10656746031746;8,338955453149;9,21798579109063
196904;9,16357910906298;8,37568484383;9,2274795186892
196905;9,27003520225294;8,43533090117768;9,29391769073221
196906;9,27017409114183;8,40519201228879;9,30511392729135
196907;9,05055043522785;8,1331490015361;9,15417306707629
196908;8,94327796979006;7,96065956221198;9,11441692268305
196909;9,02350550435227;8,06196044546851;9,1464349718382
196910;8,98040962621607;8,0670410906298;9,0246831797235
196911;8,9166148233487;8,03247119815668;8,91906041986687
196912;9,02643113159242;8,1437346390169;9,00357654889913
197001;9,02536034306195;8,128116359447;9,0051625704045
197002;8,89363991295443;7,99424539170507;8,90798515104967
197003;8,84687916026626;7,91654825908858;8,92811059907834
197004;8,74501088069636;7,81277585765489;8,87632744495648
197005;8,70494815668203;7,79289234511009;8,87690540194572
197006;8,92577252944188;8,02542818740399;9,06847798259089
197007;9,17147145417307;8,33671850998464;9,22492959549411
197008;9,35469918074757;8,61084005376344;9,34016577060932
197009;9,4579537890425;8,78428955453149;9,40446108550947
197010;9,52924411162314;8,8733442140297;9,49284370199693
197011;9,63709357398873;8,97557091653866;9,66751664106503
197012;9,51049859190988;8,86765873015873;9,60649513568868
197101;9,42046274961598;8,81162826420891;9,5616026625704
197102;9,49089285714286;8,91377880184332;9,67007040450589
197103;9,45177547363031;8,93473758320532;9,64356950844854
197104;9,3962602406554;8,92921786994368;9,58319764464926
197105;9,31255056323605;8,87953149001536;9,44018689196108
197106;9,36042690732207;8,97312467997952;9,43575140809012
197107;9,40921722990271;9,01492575524833;9,49663850486431
197108;9,32761581430867;8,87252745555026;9,4776733186786
197109;9,4642939686071;8,95042485477691;9,7225522185144
197110;9,59515418366086;9,08073399456186;9,87963555184773
197111;9,49926708688666;9,02690334940057;9,72475651958967
197112;9,39712999011247;8,9640449264615;9,59293304288716
197201;9,37631009763935;8,96382091212458;9,54887838338895
197202;9,30628321591892;8,91086392287727;9,43799128661476
197203;9,17790956000494;8,78924205907799;9,28185329378322
197204;9,05827246323075;8,64651804474107;9,13203250525275
197205;9,00724647756767;8,57393291929304;9,09276727227784
197206;8,92705382523792;8,46653596588802;9,08629773822766
197207;8,93377425534545;8,51492306266222;9,10350203930293
197208;9,00050431917298;8,68071805974893;9,07772356189417
197209;8,93215373783922;8,6751420890937;8,91471390168971
197210;8,8252361751152;8,60024961597542;8,7831009984639
197211;8,76401753712238;8,51917434715822;8,76990207373272
197212;8,87904889912954;8,56671018945213;8,93975870455709
197301;8,97902649769585;8,61639656938044;9,07372823860727
197302;9,06343509984639;8,63333205325141;9,20437339989759
197303;9,28119943676395;8,76558115719406;9,47785458269329
197304;9,39641001024065;8,86033026113671;9,64636264720942
197305;9,35009280593958;8,81605158730159;9,65278737839222
197306;9,29181323604711;8,75577828981055;9,5804486687148
197307;9,36681323604711;8,81464925755248;9,65222286226318
197308;9,53613447260625;8,95639272913466;9,86812147977471
197309;9,6203750640041;9,00848566308244;9,99436955965182
197310;9,76010176651306;9,09020161290323;10,1559152585765
197311;9,87455965181772;9,17245519713262;10,2330523553507
197312;9,81082309267793;9,12068100358423;10,110050563236
197401;9,69090373783922;8,97818100358423;9,95667242703533
197402;9,56886072708653;8,85465949820788;9,81702188940092
197403;9,42465373783922;8,77016577060932;9,66838837685612
197404;9,25921018945212;8,6472311827957;9,48252368151562
197405;9,24348886328725;8,63443548387097;9,42527009728623
197406;9,49013312852022;8,85524193548387;9,64341973886329
197407;9,72024065540194;9,0758064516129;9,84382296466974
197408;9,69863447260624;9,03827284946237;9,8274059139785
197409;9,59665194572452;8,90504032258065;9,71179531490015
197410;9,48834997439836;8,79354390681003;9,57707757296467
197411;9,39510176651306;8,69333781362007;9,50028993855607
197412;9,3837980030722;8,66465949820789;9,48086341525858
197501;9,49655337941628;8,77603494623656;9,57326484895033
197502;9,74211789554531;9,02845430107527;9,77232398873528
197503;9,99201036866359;9,25922043010753;9,97162058371736
197504;10,1604512288786;9,39764784946237;10,1484709421403
197505;10,1712532002048;9,39649193548387;10,1542101894521
197506;9,96364119303635;9,24197580645161;9,88293330773169
197507;9,7235874295955;9,01643817204301;9,5725838453661
197508;9,63033252335046;8,86392959770115;9,45117033697053
197509;9,55226578914844;8,75819521690767;9,40354715115561
197510;9,48251220491905;8,69561457174639;9,35715378197998
197511;9,57418335187245;8,81905543196144;9,4494700902237
197512;9,78724338771475;9,01499629217649;9,7147030651341
197601;9,97274966011618;9,1501844642195;9,96192528735632
197602;9,95769589667532;9,08849091583241;9,97361883574342
197603;9,81852474972191;8,9291091954023;9,84364571746385
197604;9,86981059201582;8,97873285131628;9,92025862068965
197605;10,0491519898653;9,14835650723025;10,1277048572488
197606;10,0407245705104;9,07496941045606;10,1748016314423
197607;9,91478371029539;8,89620596959585;10,115527437894
197608;9,95029572099511;8,95389407542772;10,1725688264739
197609;10,2051625704045;9,22663594470046;10,4234274193548
197610;10,3424206349206;9,35853558627752;10,5415681003584
197611;10,2532002048131;9,24406426011265;10,422208781362
197612;10,0548131080389;9,07223182283666;10,1734050179211
197701;9,81502816180235;8,88050691244239;9,86573028673835
197702;9,63895289298515;8,73991551459293;9,6661335125448
197703;9,54627368151561;8,66118791602663;9,55393369175627
197704;9,54687403993856;8,64926139272913;9,51794354838709
197705;9,56094662058372;8,66691820276498;9,52945340501792
197706;9,69706221198157;8,80823092677931;9,67550627240143
197707;9,83523425499232;8,97140296979007;9,81676971326165
197708;9,67443356374808;8,82708173323093;9,64646441372248
197709;9,49266513056835;8,6492927547363;9,4359709421403
197710;9,48180939580133;8,65254544290835;9,42641001024066
197711;9,50025473630312;8,68886264720942;9,47598886328725
197712;9,5275889656938;8,72573540706605;9,49528993855607
197801;9,47938556067588;8,68733934971838;9,44698348694316
197802;9,38126728110599;8,59889848950333;9,35437596006144
197803;9,36357462877624;8,58024257552484;9,32215821812596
197804;9,35085509472606;8,5899468766001;9,27865015360983
197805;9,30202444956477;8,59909562211982;9,18778097798259
197806;9,14486047107015;8,47612071172555;9,0462397593446
197807;8,75090885816692;8,06805619559652;8,69852470558116
197808;8,41004384280594;7,72461341525858;8,38150761648746
197809;8,24861431131592;7,56181579621096;8,26704429083461
197810;8,20598438300051;7,50945468509985;8,23884088581669
197811;8,21429531490015;7,52913658474142;8,25835253456221
197812;8,18205069124424;7,53062403993856;8,3032808499744
197901;8,20020929339478;7,56571364567332;8,378047875064
197902;8,23072004608295;7,60388568868408;8,41621991807476
197903;8,24571108550947;7,62335701484895;8,45379160266257
197904;8,25169674859191;7,56621543778802;8,49633640552995
197905;8,22212685611879;7,4276849718382;8,51318676395289
197906;8,34511072708653;7,51321364567332;8,6461661546339
197907;8,63865911418331;7,80488031233999;8,91525217613927
197908;9,01929649566538;8,14306708732807;9,28293584582517
197909;9,25920807069583;8,35732913113336;9,50061951551106
197910;9,26765789148437;8,37259794833766;9,48297614633544
197911;9,30997868001483;8,38087751823013;9,45552094920282
197912;9,3472994685453;8,35568486590038;9,38764908540353
198001;9,3451041280435;8,34016963292547;9,30485786676554
198002;9,39953961191447;8,38801909529106;9,33819120009887
198003;9,51630932517612;8,49166156840934;9,45903797429242
198004;9,51332097392164;8,52500834260289;9,42921270547522
198005;9,42449928933383;8,49321622790755;9,29244299221357
198006;9,31901093807935;8,41774131751329;9,12771628970461
198007;9,34925287356322;8,46572518848103;9,09236682733902
198008;9,31935473939297;8,49261137816268;8,99841107623991
198009;9,32547811059908;8,54180939580133;8,98469726062468
198010;9,48320212493599;8,69646889400922;9,18112199180748
198011;9,53837237583205;8,81779505888377;9,30147145417307
198012;9,55257040450589;8,91328789042499;9,40237647209421
198101;9,5478168202765;8,93485599078341;9,47639976958525
198102;9,55830069124424;8,96576996927803;9,52290514592934
198103;9,52256592421915;8,96719918074757;9,5052483358935
198104;9,4603526625704;8,94940796210958;9,49700012800819
198105;9,4975838453661;8,98495007680492;9,58777969790066
198106;9,39503008192524;8,81336853558628;9,58863991295443
198107;9,14839029697901;8,49240079365079;9,46794098822325
198108;9,12989951356887;8,44928443420379;9,53792946748592
198109;9,05818292370712;8,39071108550947;9,49850934459806
198110;8,90684331797235;8,24406233998976;9,32823604710701
198111;8,8606112391193;8,13827380952381;9,26374231950845
198112;8,93799027137737;8,15067972350231;9,28299859190988
198201;9,14063812083974;8,32316628264209;9,42443228366615
198202;9,26967037890425;8,45300499231951;9,53061507936508
198203;9,32869367639529;8,50480158730159;9,60897529441884
198204;9,47400729646697;8,63603366615463;9,76408282130056
198205;9,64043202764977;8,80768241167435;9,91682923707117
198206;9,87029761904762;9,0762397593446;10,091215437788
198207;10,2529589093702;9,54384728622632;10,3922907066052
198208;10,3873915130568;9,71118119559652;10,4322436635945
198209;10,3321735791091;9,65096134152586;10,3040514592934
198210;10,3921242959549;9,73217997951869;10,3655120327701
198211;10,3367524321557;9,74740399385561;10,3244188428059
198212;10,2329083461342;9,69651689708141;10,2352700972862
198301;10,2720750128008;9,70665130568356;10,297465437788
198302;10,3605158730159;9,74468894009217;10,3971966205837
198303;10,3411789554531;9,72064772145417;10,3441769073221
198304;10,2538312852023;9,65023553507424;10,2150819252432
198305;10,140650281618;9,5649622375832;10,1015424987199
198306;10,0726305683564;9,50495775729647;10,03383640553
198307;9,97437788018433;9,37767281105991;9,94351382488479
198308;9,90565899941734;9,29325427723926;9,92871000847502
198309;9,87685947348906;9,24149703374119;9,94401371894698
198310;9,77515696452849;9,10215563589173;9,83136586948461
198311;9,744959831912;9,03297552836485;9,76602984797924
198312;9,63406825485107;8,89448986528241;9,64708271536275
198401;9,34965517241379;8,62589667531825;9,37262483005809
198402;9,17317667779013;8,45761710542578;9,1753130021011
198403;9,14388904338153;8,39584739216413;9,10690350389321
198404;9,16970893585465;8,38434649610678;9,10744561858855
198405;9,3088621616611;8,4495122667161;9,26062662217278
198406;9,41669818316648;8,51481244592757;9,3720065504882
198407;9,16978958101594;8,28067266098134;9,09042052898282
198408;8,79230070448647;7,92191243136112;8,67418555891025
198409;8,69263440860215;7,84957693292371;8,54155273937532
198410;8,72918458781362;7,91447836661546;8,57663338453661
198411;8,86775089605734;8,06849270353302;8,7478699436764
198412;8,97645609318996;8,18195148489503;8,86660650281618
198501;9,03865591397849;8,24137800819252;8,91262800819252
198502;9,00948924731183;8,22847478238607;8,9072516641065
198503;8,95367831541219;8,18336725550435;8,90529825908858
198504;8,93146953405018;8,16272209421403;8,92364055299539
198505;8,64245519713262;7,91499359959037;8,61781618023553
198506;8,47104838709677;7,79145865335381;8,43255632360471
198507;8,75666666666667;8,09401241679467;8,75056707629288
198508;8,8579675499232;8,16194636456733;8,84069284434204
198509;8,73453725038403;7,97799859190988;8,72141001024065
198510;8,6375256016385;7,85734447004608;8,65263312852022
198511;8,5429333077317;7,75040002560164;8,56517345110087
198512;8,65903545826933;7,8183166922683;8,71021377368151
198601;8,76250320020481;7,89093766001024;8,83630248335893
198602;8,74126664106503;7,86096454173067;8,83522721454173
198603;8,61003456221198;7,74573156682028;8,70000768049155
198604;8,53995839733743;7,66625128008192;8,62419674859191
198605;8,80738223246288;7,92246543778802;8,91741359447004
198606;9,00047811059908;8,09857206861239;9,10807667690732
198607;8,76096198156682;7,8124161546339;8,82581861239119
198608;8,78589957757296;7,8316317844342;8,86017921146953
198609;8,94524577572965;7,98095494111623;9,03432475678443
198610;9,05648681515617;8,03893881208397;9,14174411162314
198611;9,11665258576549;8,04598182283666;9,20104518689196
198612;8,87598502304147;7,81246927803379;8,94562403993856
198701;8,74969918074757;7,72532770097286;8,83065988223246
198702;8,76045186891961;7,73997823860727;8,83092869943676
198703;8,92082373271889;7,85704813108039;9,01699500768049
198704;9,02864183307732;7,95570404505888;9,16972798259089
198705;8,9570154889913;7,9290821812596;9,0484331797235
198706;8,88135688684076;7,9103904249872;8,9217620327701
198707;9,20891065028162;8,29130440348182;9,29326740911418
198708;9,66885125889436;8,79258227836926;9,77855976437664
198709;9,88631874922754;9,06872574465456;9,96264244221975
198710;9,91650244098381;9,13833595970832;9,97460928809788
198711;10,0058259176863;9,25283864788036;10,0727320479545
198712;10,2240382832777;9,51053578049685;10,2877992522556
198801;10,233245272525;9,54968452601656;10,2794793597825
198802;10,2161753800519;9,54403936472624;10,2802858113954
198803;10,1997596094426;9,54896768013842;10,2469121554814
198804;10,1711126560376;9,51626158694846;10,1697212952663
198805;10,1482990359659;9,42036104931405;10,1622526572735
198806;10,2299208997652;9,42217556544309;10,2628485354097
198807;10,2819370287974;9,4498637374861;10,283681868743
198808;10,2569522573583;9,43688271359712;10,2528153967371
198809;10,4214836149514;9,59903609831029;10,4661693548387
198810;10,4797273425499;9,66990527393753;10,5552105734767
198811;10,4175409626216;9,56832821300563;10,4961335125448
198812;10,4675768049155;9,5671678187404;10,543167562724
198901;10,5939567332309;9,66305043522785;10,669502688172
198902;10,7061879160266;9,72944828469022;10,7859005376344
198903;10,7970391705069;9,80649129544291;10,883185483871
198904;10,922567844342;9,94065796210958;11,015685483871
198905;10,9575409626216;9,9628801843318;11,0604077060932
198906;10,8421108550947;9,81682283666155;10,9743503584229
198907;10,801250640041;9,75512928827445;10,9336245519713
198908;10,9467431515617;9,88210221454173;11,0718926011265
198909;11,0513754480287;9,98340309779826;11,1557251664107
198910;11,1430017921147;10,0719559651818;11,1684267793139
198911;11,1955152329749;10,147740015361;11,1848918330773
198912;11,1355286738351;10,1160240655402;11,1412179979519
199001;11,0561872759857;10,0453296210957;11,0599097542243
199002;11,060085125448;10,0597113415259;11,0643452380952
199003;11,0101299283154;10,0085375064004;10,996061187916
199004;10,8932392473118;9,88975614439324;10,8542556323605
199005;10,905376344086;9,93069700460829;10,8703667434716
199006;10,9042069892473;9,99233678955453;10,8277412954429
199007;10,7727553763441;9,90040130568356;10,6664509728623
199008;10,3194671658986;9,46495103686636;10,2317543522785
199009;9,98244239631336;9,13393625192012;9,91063300051203
199010;9,97953469022017;9,12743535586278;9,93401561699949
199011;9,80082053251408;8,96743983614951;9,75565092165899
199012;9,5419674859191;8,71411098310292;9,49200844854071
199101;9,53284562211982;8,72435739887353;9,48011328725038
199102;9,59776497695852;8,82771761392729;9,52177995391705
199103;9,65694508448541;8,90847030209933;9,63200844854071
199104;9,66209293394777;8,91637352790578;9,68578533026114
199105;9,54974078341014;8,81872119815668;9,57358998975934
199106;9,50298003072197;8,78383768561188;9,55212045570917
199107;9,473544546851;8,77106886840758;9,5234914234511
199108;9,69108122781927;9,01844492116461;9,70873511353003
199109;9,84934371523915;9,19270269435175;9,84236590038314
199110;9,77781145717464;9,13419911012236;9,78206572117167
199111;10,018644790508;9,37462025707576;10,0131633914226
199112;10,4397559016191;9,81323584847361;10,3653721727846
199201;10,5962164750958;9,98289982696823;10,4943282659745
199202;10,558044432085;9,94405574094673;10,4737637498455
199203;10,5352173711531;9,91832545420838;10,4117431405265
199204;10,4270408478556;9,81490699542702;10,2493193054011
199205;10,4470587690026;9,81607186997899;10,2323121369423
199206;10,5490659374614;9,8888765294772;10,3427243233222
199207;10,6367003460635;9,9035270671116;10,4886920652577
199208;10,630588396278;9,81873261957731;10,4660011785582
199209;10,482003328213;9,65047043010753;10,2899500768049
199210;10,5389074500768;9,69412634408602;10,3772843061956
199211;10,5859997439836;9,73885752688172;10,4784626216078
199212;10,4746198156682;9,57303315412186;10,47214093702
199301;10,3288312852023;9,36339157706093;10,4100396825397
199302;10,1319226830517;9,14081093189964;10,2331579621096
199303;9,95927483358935;8,94995519713262;10,0689330517153
199304;9,93528289810548;8,92684139784946;10,0711059907834
199305;9,73337429595494;8,74622759856631;9,90911226318484
199306;9,54934203789042;8,5649417562724;9,75491423451101
199307;9,61264848950333;8,6521729390681;9,80128520225294
199308;9,57745743727598;8,61228718637993;9,83451292882745
199309;9,60113735279058;8,60076164874552;9,9569879672299
199310;9,54081925243215;8,56875;9,90680427547363
199311;9,33614631336406;8,39614695340502;9,70258832565284
199312;9,22119559651818;8,31937724014337;9,59990015360983
199401;9,40476638504864;8,53266129032258;9,79774961597542
199402;9,7203577828981;8,85698924731183;10,109846390169
199403;9,83960061443932;9,00428315412186;10,2238159242191
199404;9,87712301587302;9,04714157706093;10,2699091141833
199405;10,2265898617512;9,32986111111111;10,625307859703
199406;10,5685298259089;9,62293010752688;10,9699539170507
199407;10,5206803635433;9,56889784946237;10,9460291858679
199408;10,6810298259089;9,72866167434716;11,0787480798771
199409;10,8218900409626;9,87390937019969;11,1491013824885
199410;10,7890002560164;9,80270865335381;11,0613594470046
199411;10,8510029441884;9,81887352790578;11,1043970814132
199412;10,8580056323605;9,79587173579109;11,0699347158218
199501;10,7943093958013;9,70580005120328;10,9704185867896
199502;10,8310029441884;9,71386456733231;11,0186712749616
199503;10,9448649513569;9,79797299027138;11,1193567588326
199504;11,1089957757296;9,9705222734255;11,2953110599078
199505;11,1071543778802;10,0170993343574;11,3111264720942
199506;10,7092108294931;9,64190220174091;10,941592421915
199507;10,2882430875576;9,17859575012801;10,6141730670763
199508;9,86951179220298;8,68520660080866;10,2679325352685
199509;9,51879124953652;8,28523142998393;9,9495145841058
199510;9,43113891978742;8,19164720059325;9,90472963786923
199511;9,35155110616735;8,11970275614881;9,8395145841058
199512;9,30251884810283;8,07025831170436;9,8049939747868
199601;9,17996508466197;7,96731924360401;9,68888734396243
199602;8,91948121369423;7,79352892102336;9,39291960202694
199603;8,74766221727846;7,69253877765418;9,2122251575825
199604;8,59587010258312;7,53523142998393;9,02642318625633
199605;8,47671687677667;7,4251463045359;8,86409343715239
199606;8,49882709183043;7,47541064145347;8,81869917191942
199607;8,51455289828204;7,55887838338895;8,73039272030651
199608;8,70527440100994;7,86239138063457;8,87942703091619
199609;9,14156041986687;8,33835061443932;9,32429467485919
199610;9,2764349718382;8,46316692268305;9,45888248847926
199611;9,29652457757296;8,48327892985151;9,46295954941116
199612;9,3932808499744;8,59908538146441;9,53231438812084
199701;9,45294034818228;8,70790258576549;9,53890040962622
199702;9,63587045570917;8,90346710189452;9,69588965693804
199703;9,84677995391705;9,07799219150026;9,92295954941116
199704;9,87932923707117;9,08867319508449;9,97113159242192
199705;9,86910074244751;9,04504864311316;9,97194252432156
199706;10,0850819252432;9,23260688684076;10,2076996927803
199707;10,5154582693292;9,67010688684076;10,6238287250384
199708;10,7676808115719;9,951318484383;10,8293394777266
199709;10,7540431387609;10,0012128776242;10,7617319508449
199710;10,8013280849974;10,1046985407066;10,7553744239631
199711;10,9578872247824;10,265307859703;10,8918932411674
199712;11,0426408090118;10,3473060675883;10,991884280594
199801;10,9908352534562;10,2673419098822;10,9600204813108
199802;10,776319124424;9,98777201740912;10,7733269329237
199803;10,6386085509473;9,8192773937532;10,6409971838198
199804;10,6746883000512;9,85884728622632;10,6487211981567
199805;10,5557680491551;9,78786162314388;10,5179729902714
199806;10,4138639272913;9,66996735791091;10,3733806963646
199807;10,415342421915;9,64093509984639;10,393407578085
199808;10,2973460701485;9,48593798003072;10,2908442140297
199809;10,1507206861239;9,31938172043011;10,1561571940604
199810;10,1592242703533;9,32612903225806;10,204486047107
199811;10,1463568868408;9,31271505376344;10,2264708141321
199812;10,0805728366615;9,24055107526882;10,1817889144905
199901;10,1634447004608;9,31354838709677;10,2946338965694
199902;10,3231221198157;9,48384408602151;10,465736047107
199903;10,4607610087046;9,66739247311828;10,6278821044547
199904;10,5887224782386;9,84529569892473;10,8014528929852
199905;10,7469617255504;10,0180600358423;10,9337736815156
199906;10,8819482846902;10,1734856630824;11,0205299539171
199907;10,8542601126472;10,1822222222222;10,9523847926267
199908;10,9344199463248;10,29180231121;11,0205690184861
199909;11,0286926832283;10,4054146582623;11,121280126066
199910;11,0124919663824;10,399563403782;11,1112666852058
199911;11,0406460882462;10,4419648374737;11,1461457174638
199912;11,1058835434433;10,5083940489433;11,2151914163886
200001;10,9985403534792;10,402645841058;11,0843715239155
200002;10,8445080954147;10,2522426152515;10,9078930292918
200003;10,7771245828699;10,1414764862193;10,8389010938079
200004;10,7421335434433;10,0696888518107;10,7891295884316
200005;10,8161702817946;10,1440123285132;10,9174136386108
200006;10,8736747620813;10,2032820417748;11,0645148930911
200007;10,8142661599308;10,134733654678;11,094756828575
200008;10,6846871634267;9,96661861945371;11,028353516694
200009;10,5497318228367;9,7756541218638;10,9631598822325
200010;10,40160906298;9,58595878136201;10,8479269073221
200011;10,3060400665643;9,45728494623656;10,7441186635945
200012;10,2461655145929;9,36083333333333;10,6769770865335
200101;10,3364253712238;9,42795698924731;10,7748892729135
200102;10,5064522529442;9,60241935483871;10,9777118535586
200103;10,4516359447005;9,58086917562724;10,8865111367127
200104;10,4731637224782;9,61872759856631;10,8771652585765
200105;10,5660803891449;9,7213082437276;10,9083749359959
200106;10,4460938300051;9,64001792114695;10,673321172555
200107;10,4295615719406;9,65359318996416;10,5747996671787
200108;10,6153670634921;9,86208973374296;10,7158854966718
200109;10,8205273937532;10,0998873527906;10,866917562724
200110;10,9590309779826;10,269331797235;10,9688127240143
200111;10,9705184331797;10,3438837685612;10,9680197132616
200112;10,9945058883769;10,4641301843318;10,9925044802867
200201;11,0097567844342;10,5466077828981;11,0199462365591
200202;10,9736008704557;10,5690540194572;10,9337903225806
200203;11,0249718381976;10,6818004352279;10,9557482078853
200204;10,8733858166923;10,5273425499232;10,8477329749104
200205;10,7062442396313;10,2664957757296;10,7951344086022
200206;10,738699436764;10,1567242703533;10,9922670250896
200207;10,6598015873016;9,99059523809523;10,9803046594982
200208;10,3587263184844;9,65289842549923;10,6722017409114
200209;10,1417908346134;9,40216397849462;10,4972977470558
200210;10,1706886840758;9,41221326164874;10,5668183563748
200211;10,1877585765489;9,40599910394265;10,604349718382
200212;10,2355229134665;9,41895161290323;10,6921588581669
200301;10,3447119815668;9,49843637992832;10,8448873527906
200302;10,4256259600614;9,53983422939068;11,0026830517153
200303;10,4266564260113;9,50438620071685;11,1348335893497
200304;10,3170686123912;9,39743279569892;11,0676561699949
200305;10,2392863543267;9,36770161290323;10,9421454173067
200306;10,2909395801331;9,52923387096774;10,9316884280594
200307;10,3827406554019;9,68837365591398;10,9689196108551
200308;10,5535720024013;9,88848836670374;11,111540048908
200309;10,6207743171425;10,004194475343;11,1201551106167
200310;10,5803486899024;9,99711562229638;11,0316156840934
200311;10,5610252131999;10,0054937584971;10,980441848968
200312;10,4275350698307;9,89067745025337;10,7839902360648
200401;10,2421632060314;9,70059232480534;10,551382709183
200402;10,1361148189346;9,57989340007416;10,3921085156347
200403;10,1712716289705;9,59316848967989;10,3396085156347
200404;10,383847793845;9,79569089111358;10,5168128167099
200405;10,4729517364973;9,91640773699172;10,5872115622296
200406;10,3701201952787;9,83336114200964;10,4193038561364
200407;10,407889012483;9,87153318502039;10,4115081572117
200408;10,3760697622579;9,84353828989883;10,3598823428148
200409;10,3005677163338;9,72952188940092;10,2800307219662
200410;10,3277630568356;9,70458013312852;10,3162224782386
200411;10,3408454941116;9,68555235535074;10,3573873527906
200412;10,4040668202765;9,69305235535074;10,4786911162314
200501;10,4952451356887;9,75781041986687;10,6118228366615
200502;10,4245462109575;9,68805235535074;10,5502636968766
200503;10,3366967485919;9,58742511520737;10,4657117255504
200504;10,4438741679467;9,68948604710702;10,5854608294931
200505;10,5518849206349;9,79696364567332;10,6843766001024
200506;10,6059978238607;9,85739823348694;10,7245558115719
200507;10,4788472862263;9,73683371735791;10,6050665642601
200508;10,3417505120328;9,5952294546851;10,463870327701
200509;10,2538472862263;9,51195852534562;10,350496671787
200510;10,0866385048643;9,3417927547363;10,1680952380952
200511;10,1082738095238;9,34447644649257;10,1438927291347
200512;10,1849091141833;9,43285458269329;10,1488568868408
200601;10,3753885048643;9,62674347158218;10,3004608294931
200602;10,5760605478751;9,82593701996928;10,4636328725038
200603;10,6744476446493;9,94540834613415;10,5256176395289
200604;10,7759261392729;10,0722721454173;10,6158282130056
200605;10,881849078341;10,1930248335894;10,7500665642601
200606;11,0833365335381;10,4088044034818;10,9926382488479
200607;11,4232558883769;10,7641807475678;11,356079109063
200608;11,7889000896057;11,1166049027138;11,7862538402458
200609;12,0880120327701;11,4453731438812;12,1329608294931
200610;12,4257450076805;11,8104806707629;12,4818900409626
200611;12,5798758320533;11,9465559395801;12,6871364567332
200612;12,5976177675371;11,979297875064;12,7162717613927
200701;12,4101177675371;11,8211795954941;12,4925844854071
200702;12,220736047107;11,6360989503328;12,2994393241167
200703;12,0801043266769;11,4994143625192;12,1485925499232
200704;11,7617844342038;11,1765738607271;11,7812135176651
200705;11,5219367639529;10,9201222478239;11,487723374296
200706;11,3146159754224;10,7018426779314;11,2668138760881
200707;11,1763095238095;10,5517082693292;11,1431579621096
200708;11,114305114148;10,5113610250366;11,0802815518124
200709;10,9908759733037;10,3999116302064;10,9624320232357
200710;10,732771134594;10,1551490854035;10,68790693363
200711;10,6253383388951;10,0668381535039;10,5480592633791
200712;10,6487388765295;10,0946383327154;10,5566838153504
200801;10,6509028550241;10,1331912000989;10,5270019157088
200802;10,706144790508;10,2116858237548;10,5743137436658
200803;10,7106116363861;10,2252386911383;10,589224137931
200804;10,7037881596836;10,2387915585218;10,5850485106909
200805;10,7019646829811;10,2509555370164;10,6112895501174
200806;10,644227227784;10,1807270423928;10,573283277716
200807;10,3510820664936;9,90626467680138;10,2525843529848
200808;10,0370304085668;9,62138630665466;9,89202566343556
200809;9,97848950332821;9,54847030209933;9,80431643625192
200810;10,1316481054787;9,69925435227854;9,96322324628776
200811;10,1912583205325;9,76562980030722;10,0422913466462
200812;10,0803129800307;9,62742191500256;9,94455389144905
200901;10,0463837685612;9,53545058883769;9,95326804915515
200902;10,0918138760881;9,54727854582693;10,0525960061444
200903;10,1924231950845;9,62468894009216;10,1930709165387
200904;10,274349718382;9,64712621607783;10,2856963645673
200905;10,4090540194572;9,71984126984127;10,427071812596
200906;10,5089464925755;9,77992191500256;10,5595762928827
200907;10,4475217613927;9,63341653865848;10,5505709165387
200908;10,3242402713774;9,40272337429596;10,4881285202253
200909;10,2576792114695;9,28775601638505;10,4434280593958
200910;10,1600268817204;9,16439580133128;10,3300768049155
200911;9,91775089605735;8,91240655401946;10,067397593446
200912;9,81089157706093;8,79763952892985;9,98207949308756
201001;9,91881720430107;8,90276497695853;10,1431323604711
201002;9,92405913978494;8,91203917050691;10,1521377368152
201003;9,79581989247312;8,76854902713774;10,0014791346646
201004;9,72497311827957;8,73325780849974;9,9192345110087
201005;9,56009856630824;8,60018881208397;9,74407322068612
201006;9,26686379928315;8,28378648233487;9,42643881208397
201007;9,2919982078853;8,31806067588326;9,42509472606247
201008;9,58169674859191;8,63660426267281;9,70766481054788
201009;9,68967485919099;8,74331989247312;9,85717037890425
201010;9,81493471582181;8,85175179211469;10,0362295186892
201011;10,1013504864311;9,13491487455197;10,360718766001
201012;10,2329051459293;9,30335573476703;10,5014580133129
201101;10,0534383000512;9,14881272401434;10,2568477982591
201102;9,89161034306195;8,99195788530466;10,0619553251408
201103;9,98272145417307;9,08381272401434;10,1894508448541
201104;10,1120046082949;9,18238799283154;10,3578065796211
201105;10,2119822068612;9,24832437275986;10,4928289810548
201106;10,587363031234;9,61923387096774;10,8687115975422
201107;10,9618253968254;9,99611559139785;11,2199212749616
201108;10,8611053507424;9,92459978680015;11,0541416719636
201109;10,7972132616487;9,90590656284761;10,9129588431591
201110;10,6935394265233;9,82525692127055;10,7878826782845
201111;10,5162096774194;9,66127394636015;10,5711398467433
201112;10,4840188172043;9,62312430478309;10,5100914596465
201201;10,4887903225806;9,6160230503028;10,524311889754
201202;10,6111021505376;9,7279854158942;10,6567043628723
201203;10,6146146953405;9,73954903596589;10,6294597392164
201204;10,5144982078853;9,6562201829193;10,4917312445928
201205;10,4617428315412;9,63941910765048;10,4159471944135
201206;10,3870788530466;9,58001050549994;10,3404319614386
201207;10,2076433691756;9,4078330861451;10,194329810901
201208;10,124151625704;9,34916935925279;10,1375479699666
201209;9,91673515104967;9,12531746031746;9,9284811827957
201210;9,66276113671275;8,86847158218126;9,68922043010753
201211;9,52881400409626;8,77721710189452;9,57966397849462
201212;9,42167242703533;8,69415706605223;9,45899641577061
201301;9,51842869943676;8,78031746031746;9,57999551971326
201302;9,58294482846902;8,83650025601639;9,66265681003584
201303;9,57903801843318;8,82568932411674;9,6526523297491
201304;9,66061507936508;8,91716333845366;9,75864247311828
201305;9,72538658474142;9,00599846390169;9,8040770609319
201306;9,75776561699949;9,08770993343574;9,79910842293907
201307;9,94620647721454;9,27292498719918;9,99709229390681
201308;10,2993218766001;9,57912698412698;10,3960170250896
201309;10,749211469534;10,0441999487967;10,8968234767025
201310;11,1635752688172;10,4528245007681;11,2958243727599
201311;11,4024014336918;10,6564759344598;11,5139112903226
201312;11,5138664874552;10,7638773681516;11,626164874552
201401;11,5760035842294;10,8711443932412;11,6325044802867
201402;11,5168637992832;10,8648271889401;11,5087141577061
201403;11,4929480286738;10,8797151817716;11,4713620071685
201404;11,6041129032258;11,0116730670763;11,5709722222222
201405;11,7168055555556;11,1097420634921;11,710582437276
201406;11,731917562724;11,0958486943164;11,757585125448
201407;11,6188799283154;11,0111712749616;11,6008646953405
201408;11,4254227470558;10,8628177803379;11,3513975294419
201409;11,2060247055812;10,6697062211982;11,0991077828981
201410;10,981934203789;10,4641641065028;10,89047875064
201411;10,8153705837174;10,2605037122376;10,7698873527906
201412;10,754640296979;10,1387877624168;10,7626292882744
201501;10,6733454941116;9,9907277265745;10,7713658474142
201502;10,7148777521761;9,98723310291859;10,9123604710701
201503;10,7111770353303;9,96165962621608;10,9419796466974
201504;10,4615085765489;9,71054851510497;10,6779160266257
201505;10,3851734511009;9,64040962621608;10,5824635176651
201506;10,6556125192012;9,9112653609831;10,8550217613927
201507;10,8867953149002;10,087071812596;11,1286776753712
201508;10,96421152471;10,0963037965464;11,2471022476473
201509;10,9764395624768;10,0903476084538;11,2554461747621
201510;10,9301895624768;10,0427490421456;11,1609076442961
201511;11,0066546162403;10,1599354220739;11,1773906192065
201512;11,1468696700037;10,3660106908911;11,2435958163391
201601;11,1971653689284;10,4525967123965;11,233188110246
201602;11,172703003337;10,4161719812137;11,1759300457298
201603;11,3097504943765;10,5387167840811;11,3343574650847
201604;11,4705883079965;10,6869336299592;11,5324354220739
201605;11,2843427882833;10,4941782536151;11,3791244901743
201606;10,8915112470646;10,1322024471635;11,0131791496725
201607;10,5506510320109;9,87104653318502;10,6280985045112
201608;10,4359796378692;9,80045222204566;10,5146422502075
201609;10,5902598566308;9,92757296466974;10,7529333077317
201610;10,7199327956989;10,0447190220174;10,9173508704557
201611;10,7340143369176;10,0402252944188;10,9500480030722
201612;10,8042069892473;10,0628149001536;11,1092729134665
201701;10,8374372759857;10,0651088069636;11,2147343830005
201702;10,7933512544803;10,0251894521249;11,1898687916027
201703;10,6175627240143;9,86297619047619;11,003013952893
201704;10,6120698924731;9,84847798259089;10,9727451356887
201705;10,8331048387097;10,0500908858167;11,1306707629288
201706;10,9190591397849;10,1043919610855;11,1625211213518
201707;11,0970161290323;10,2310048643113;11,3875211213518
201708;11,0841081029186;10,191858358935;11,3614842549923
201709;10,7414957757296;9,84263120839733;10,9466033026114
201710;10,7307386072709;9,82791794674859;10,9734088581669
201711;10,9412179979519;10,0716724270353;11,2068004352279
201712;10,979058499744;10,1508435739887;11,1783864567332
201801;11,0710656682028;10,2434555811572;11,2603219406042
201802;11,238269969278;10,4091813876088;11,4718810803891
201803;11,3352726574501;10,5132674091142;11,600393625192
201804;11,3215226574501;10,5180254736303;11,6309222990271
201805;11,2443004352279;10,4647279825909;11,6189509728623
201806;11,2778309011777;10,5216455453149;11,6815764208909
201807;11,2420782130056;10,5328014592934;11,5891033026114
201808;11,3793525985663;10,7190437788018;11,7231614823349
201809;11,7422990271377;11,1159043778802;12,1194508448541
201810;11,8284101382488;11,2110387864823;12,1500556835637
201811;11,5809190988223;10,9376248079877;11,8596927803379
201812;11,4112058371736;10,7708774961598;11,7254409882232
201901;11,3580248335893;10,7716033026114;11,6708934971838
201902;11,2752291346646;10,7369258832565;11,5324526369688
201903;11,2629755504352;10,7359671018945;11,4909203789042
201904;11,2379531490015;10,6914599334357;11,4539580133129
201905;11,2034863031234;10,6487583205325;11,4161623143881
201906;11,1726484895033;10,6119706861239;11,4004096262161
201907;11,2729173067076;10,7035029441884;11,5353558627752
201908;11,4318263458517;10,8489749302576;11,6747637366033
201909;11,4272945247806;10,8328877765418;11,6354081695711
201910;11,3846825176122;10,7792318625633;11,6401214312199
201911;11,4508070695835;10,8015168087999;11,7785712520084
201912;11,4817927326659;10,7907461994809;11,7885488505747
202001;11,3797138796193;10,6502712890866;11,6496017179582
202002;11,3854934495118;10,5989272030651;11,6672092448399
202003;11,4922407613398;10,662919138549;11,801402793227
202004;11,5070525892967;10,677045482635;11,8349242986034
202005;11,6013088616982;10,7671440489433;11,9213624706464
202006;11,6932801878631;10,8450114324558;12,0145210727969
